true_id,pred_id,true_label,pred_label,text_snippet
4,2,Sci/Tech,Sports,"Prediction Unit Helps Forecast Wildfires (AP) AP - It's barely dawn when Mike Fitzpatrick starts his shift with a blur of colorful maps, figures and endless charts, but already he knows what the day will bring. Lightning will strike in places he expe"
4,1,Sci/Tech,World,"E-mail scam targets police chief Wiltshire Police warns about ""phishing"" after its fraud squad chief was targeted."
4,3,Sci/Tech,Business,Teenage T. rex's monster growth Tyrannosaurus rex achieved its massive size due to an enormous growth spurt during its adolescent years.
4,3,Sci/Tech,Business,"Some People Not Eligible to Get in on Google IPO Google has billed its IPO as a way for everyday people to get in on the process, denying Wall Street the usual stranglehold it's had on IPOs. Public bidding, a minimum of just five shares, an open proc"
4,3,Sci/Tech,Business,"Rivals Try to Turn Tables on Charles Schwab By MICHAEL LIEDTKE     SAN FRANCISCO (AP) -- With its low prices and iconoclastic attitude, discount stock broker Charles Schwab Corp. (SCH) represented an annoying stone in Wall Street's wing-tipped shoes "
1,3,World,Business,Venezuela Prepares for Chavez Recall Vote Supporters and rivals warn of possible fraud; government says Chavez's defeat could produce turmoil in world oil market.
4,2,Sci/Tech,Sports,"Promoting a Shared Vision As Michael Kaleko kept running into people who were getting older and having more vision problems, he realized he could do something about it."
1,3,World,Business,India's Tata expands regional footprint via NatSteel buyout (AFP) AFP - India's Tata Iron and Steel Company Ltd. took a strategic step to expand its Asian footprint with the announcement it will buy the Asia-Pacific steel operations of Singapore's Na
1,2,World,Sports,"Jackson Squares Off With Prosecutor SANTA MARIA, Calif. - Fans of Michael Jackson erupted in cheers Monday as the pop star emerged from a double-decker tour bus and went into court for a showdown with the prosecutor who has pursued him for years on c"
1,2,World,Sports,Live: Olympics day four Richard Faulds and Stephen Parry are going for gold for Great Britain on day four in Athens.
3,4,Business,Sci/Tech,"Intel to delay product aimed for high-definition TVs SAN FRANCISCO -- In the latest of a series of product delays, Intel Corp. has postponed the launch of a video display chip it had previously planned to introduce by year end, putting off a showdown"
1,2,World,Sports,"U.S. Misses Cut in Olympic 100 Free ATHENS, Greece - Top American sprinters Jason Lezak and Ian Crocker missed the cut in the Olympic 100-meter freestyle preliminaries Tuesday, a stunning blow for a country that had always done well in the event.    "
3,4,Business,Sci/Tech,Surviving Biotech's Downturns Charly Travers offers advice on withstanding the volatility of the biotech sector.
1,3,World,Business,"Stocks Climb on Drop in Consumer Prices NEW YORK - Stocks rose for a second straight session Tuesday as a drop in consumer prices allowed investors to put aside worries about inflation, at least for the short term.    With gasoline prices falling to "
3,4,Business,Sci/Tech,Yahoo! Ups Ante for Small Businesses Web giant Yahoo! is gambling that price cuts on its domain name registration and Web hosting products will make it more competitive with discounters in the space -- which means that small businesses looking to mov
1,3,World,Business,"Oil prices bubble to record high The price of oil has continued its sharp rise overnight, closing at a record high. The main contract in New York, light sweet crude for delivery next month, has closed at a record \$US46.75 a barrel - up 70 cents on y"
3,4,Business,Sci/Tech,SUVs: Live And Let Die NEW YORK - The newly released traffic crash fatality data have something for everyone in the debate about the safety of sport utility vehicles. 
1,4,World,Sci/Tech,"Google Lowers Its IPO Price Range SAN JOSE, Calif. - In a sign that Google Inc.'s initial public offering isn't as popular as expected, the company lowered its estimated price range to between \$85 and \$95 per share, down from the earlier prediction"
3,4,Business,Sci/Tech,Ross Stores Profit Plummets 40 Percent (AP) AP - Discount retailer Ross Stores Inc. Wednesday said its profit fell about 40 percent in the latest quarter due to problems with a new computer system that limited the company's ability to respond to chan
4,3,Sci/Tech,Business,"Microsoft finalises three-year government deal Hot on the heels of its 10-year strategic partnership with the London Borough of Newham, Microsoft is close to signing a new broad three-year public sector agreement with the government. "
1,3,World,Business,"Stock Prices Climb Ahead of Google IPO NEW YORK - Investors shrugged off rising crude futures Wednesday to capture well-priced shares, sending the Nasdaq composite index up 1.6 percent ahead of Google Inc.'s much-anticipated initial public offering o"
4,3,Sci/Tech,Business,"Intuit Posts Wider Loss After Charge (Reuters) Reuters - Intuit Inc. (INTU.O), maker of\the No. 1 U.S. tax presentation software TurboTax, on Wednesday\posted a wider quarterly loss after taking a goodwill\impairment charge during its seasonally weak"
4,3,Sci/Tech,Business,"Hurricane center #39;s projection on Charley not far off, data show FORT LAUDERDALE, Fla. - (KRT) - Despite criticism that it should have better anticipated Hurricane Charley #39;s rapid intensification and quick turn, the National Hurricane Center #"
3,4,Business,Sci/Tech,"Justices to debate mail-order wine Being freelance wine critics may sound like a sweet gig, but Ray and Eleanor Heald have soured on it. Because their home state, Michigan, blocks direct shipments from out-of-state "
3,1,Business,World,"State, drug chains reach agreement The state of Maine, Rite Aid Corp., and Community Pharmacy LP have agreed to a consent decree placing conditions on the sale of five Community Pharmacy stores to Rite Aid."
4,3,Sci/Tech,Business,"Caterpillar snaps up another remanufacturer of engines PEORIA - Caterpillar Inc. said Wednesday it will acquire a South Carolina remanufacturer of engines and automatic transmissions, increasing its US employment base by 500 people. "
4,3,Sci/Tech,Business,"Ciena Posts a Loss, Forecasts Flat Sales &lt;p&gt;&lt;/p&gt;&lt;p&gt; By Deborah Cohen&lt;/p&gt;&lt;p&gt; CHICAGO (Reuters) - Telecommunications equipment makerCiena Corp. &lt;CIEN.O&gt; on Thursday reported a wider loss for thefiscal third quarter d"
4,3,Sci/Tech,Business,"Ecuadorean Lawsuit Vs Texaco Boils Down to Science (Reuters) Reuters - After a decade\of court battles, lawyers on Wednesday took a lawsuit by\Ecuadorean Indians accusing U.S. oil firm ChevronTexaco Corp..\of polluting the Amazon jungle into the fiel"
3,4,Business,Sci/Tech,"Ohio Sues Best Buy, Alleging Used Sales (AP) AP - Ohio authorities sued Best Buy Co. Inc. on Thursday, alleging the electronics retailer engaged in unfair and deceptive business practices."
1,3,World,Business,"Iraq Oil Exports Still Halved After Basra HQ Attack  BAGHDAD (Reuters) - Iraq continued to export oil at one  million barrels per day on Friday after an attack on the South  Oil Company headquarters took sabotage operations to a new  level, an offici"
4,1,Sci/Tech,World,"Swap Your PC, or Your President The producer of ads featuring PC users who switched to Macs is applying the same tactic to political commercials. This time, he'll focus on former backers of President Bush, recruited online, who've changed their polit"
1,3,World,Business,Producer sues for Rings profits Hollywood producer Saul Zaentz sues the producers of The Lord of the Rings for \$20m in royalties.
2,1,Sports,World,"Saints Revoke Waiver Claim on Derek Ross (AP) AP - One day after placing a waiver claim on troubled cornerback Derek Ross, the Saints did an about-face and released the former Ohio State standout after he missed a scheduled flight to New Orleans on W"
1,3,World,Business,"Crude Price Spike May Send Gas Higher (AP) AP - Amid soaring crude oil prices, gasoline costs have been dropping. But don't expect that to last, economists say."
3,4,Business,Sci/Tech,Amazon Snaps Up China's Largest Web Retailer (NewsFactor) NewsFactor - Amazon.com (Nasdaq: AMZN) has said it will buy Joyo.com Limited -- a British Virgin Islands company that operates the largest Internet retail Web site in China -- for US #36;75 mi
4,3,Sci/Tech,Business,"Report: Consumers tuning in to plasma TVs First-quarter shipments of plasma televisions in the United States more than doubled from the previous year, according to research firm iSuppli. Prices fell by nearly \$1,000 over the same period. "
1,3,World,Business,"Italian PM #39;s transplant confirmed After days of speculation sparked by the white bandanna worn by Mr Berlusconi on holiday in Sardinia, Piero Rosati said the results of the operation would show in a couple of months."
3,4,Business,Sci/Tech,"Samsung plans to invest Won25,000bn in chips Samsung Electronics, the world #39;s second largest computer chip manufacturer, yesterday said that it would invest Won25,000bn (\$24bn) in its semiconductor business by 2010 to generate "
3,1,Business,World,"Chavez victory confirmed Caracas, Venezuela - The results of an audit support the official vote count showing that President Hugo Chavez won this month #39;s recall referendum in Venezuela, the head of the Organization of American States said Saturda"
2,4,Sports,Sci/Tech,"Glory Comes Amid Empty Seats and Closed Shutters HERE in Old Europe, people install shutters outside their windows to keep out the heat, the pollution, the daylight, the noise. They also lock the shutters tight when they go away on holiday."
4,3,Sci/Tech,Business,"Amazon to Buy Chinese Retailer Joyo.com Internet retailer Amazon.com Inc. said on Thursday that it will buy Joyo.com Ltd., which runs some of China #39;s biggest retail Web sites, for about \$75 million to gain entry into China #39;s fast-growing mar"
4,3,Sci/Tech,Business,"Salesforce.com 2Q Profit Up Sharply Software developer Salesforce.com Inc. posted a sharp rise in second-quarter profit on better-than-expected revenue during its first quarter as a public company, but investors shunned the stock in late trading "
1,2,World,Sports,"Unknown Nesterenko Makes World Headlines (Reuters) Reuters - Belarus' Yuliya Nesterenko won the top\women's athletics gold medal at the Olympics on Saturday,\triumphing over a field stripped of many big names because of\doping woes to win the 100 met"
1,2,World,Sports,Greek weightlifter awaits verdict Greek weightlifter Leonidas Sampanis will find out on Sunday if he is to be stripped of his medal.
1,3,World,Business,"A Founding Father? Give the guy some credit. Tung Chee-hwa, Hong Kong #39;s embattled Chief Executive, gets precious little of it from his people these daysand heaps of "
1,2,World,Sports,"U.S. Softball Team Wins, Closes in on Gold ATHENS, Greece - Right now, the Americans aren't just a Dream Team - they're more like the Perfect Team. Lisa Fernandez pitched a three-hitter Sunday and Crystl Bustos drove in two runs as the Americans roll"
1,2,World,Sports,"Men Set for Sizzling Duel in 100 Meters ATHENS, Greece - The preliminaries in the 100 meters were perhaps just a sample of what's to come Sunday, when a talented group of qualifiers - including Americans Shawn Crawford, Justin Gatlin and defending ch"
3,1,Business,World,"Indexes in Japan fall short of hype Japanese stocks have failed to measure up to an assessment made in April by Merrill Lynch #39;s chief global strategist, David Bowers, who said Japan was  quot;very much everyone #39;s favorite equity market."
3,4,Business,Sci/Tech,"Nortel Downsizes Again Aug. 23, 2004 (TheDeal.com) Problem-plagued Nortel Networks Corp. announced plans Thursday, Aug. 19, to eliminate an additional 3,500 jobs and fire seven more senior executives as the company labors to reinvent "
3,1,Business,World,Chavez rejects CD as opposition Venezuela #39;s President Hugo Chavez has announced that he will no longer recognize the Democratic Coordination or CD as the opposition coalition.
